floating_distance,Real_MMAP,Mitsuba_MMAP,Blender_MMAP,Ours_MMAP
150,0.726220538,0.769460046,0.711569518,0.699986385
200,0.690029324,0.761045311,0.676945543,0.690289161
250,0.714393859,0.759359152,0.711465669,0.678043016
300,0.711602595,0.757404536,0.711696525,0.675150466
350,0.64379698,0.746695693,0.711383786,0.665816085
400,0.689391369,0.746123463,0.712234143,0.638404255
450,0.619870692,0.736234794,0.713112144,0.63026519
